"DESCRIPTION","DURATION IN MS","NAME","PARENT SUITE","START TIME","STATUS","STOP TIME","SUB SUITE","SUITE","TEST CLASS","TEST METHOD"
"","212","should return 401 when accessing cart without token","api","2026-09-10","passed","2026-09-10","Buyer API -- Authentication & Authorization","api/buyer/authentication.spec.ts","",""
"","2","should throw error for empty CSV file","file-utils","2026-09-10","passed","2026-09-10","","readCsvFile","",""
"","48","seller cannot issue certificate for another seller's product","api","2026-09-10","passed","2026-09-10","Seller API -- POST /api/v1/products/:id/certificate","api/seller/products-certificate.spec.ts","",""
"","1513","should show correct cart count when items are added","ui","2026-09-10","passed","2026-09-10","Home Page UI -- Authenticated Buyer > Cart & Orders Access","ui/home-page/authenticated-buyer.spec.ts","",""
"","107","should get order history","api","2026-09-10","passed","2026-09-10","Buyer API -- Order Operations","api/buyer/order-operations.spec.ts","",""
"","1","should handle multiple test environments","path-utils","2026-09-10","passed","2026-09-10","","Integration Scenarios","",""
"","1","should handle missing readFile data","getCsvData","2026-09-10","passed","2026-09-10","","Error Handling","",""
"","3","should return absolute path when file exists","path-utils","2026-09-10","passed","2026-09-10","","getAbsolutePath","",""
"","0","should parse sort options CSV with multiple fields","getCsvData","2026-09-10","passed","2026-09-10","","Real-World Scenarios","",""
"","13","should filter products by category","api","2026-09-10","passed","2026-09-10","Home Page API -- GET /api/v1/products - Catalogue","api/home-page/products-catalogue.spec.ts","",""
"","7","seller cannot update non-existent product","api","2026-09-10","passed","2026-09-10","Seller API -- PATCH /api/v1/products/:id","api/seller/products-patch.spec.ts","",""
"","2893","should show buyer-specific navigation elements","ui","2026-09-10","passed","2026-09-10","Home Page UI -- Authenticated Buyer > Header & Navigation","ui/home-page/authenticated-buyer.spec.ts","",""
"","7","should parse CSV with string values","getCsvData","2026-09-10","passed","2026-09-10","","Basic CSV Parsing","",""
"","265","should return all products with correct shape - parameterized","api","2026-09-10","passed","2026-09-10","Home Page API -- GET /api/v1/products - Catalogue","api/home-page/products-catalogue.spec.ts","",""
"","12","should combine price filters","api","2026-09-10","passed","2026-09-10","Home Page API -- GET /api/v1/products - Catalogue","api/home-page/products-catalogue.spec.ts","",""
"","1633","should navigate to register page","ui","2026-09-10","passed","2026-09-10","Login Page UI -- Navigation","ui/login-page/navigation.spec.ts","",""
"","40","should sort products by price ascending","api","2026-09-10","passed","2026-09-10","Home Page API -- GET /api/v1/products - Catalogue","api/home-page/products-catalogue.spec.ts","",""
"","1","should work with typed interfaces","getCsvData","2026-09-10","passed","2026-09-10","","Type Safety","",""
"","522","should have skip link","ui","2026-09-10","passed","2026-09-10","Home Page UI -- Authenticated Buyer > Accessibility","ui/home-page/authenticated-buyer.spec.ts","",""
"","1","should handle mixed data types in a single row","getCsvData","2026-09-10","passed","2026-09-10","","Edge Cases","",""
"","2851","should show correct user role in data attribute","ui","2026-09-10","passed","2026-09-10","Home Page UI -- Authenticated Buyer > Header & Navigation","ui/home-page/authenticated-buyer.spec.ts","",""
"","74","seller cannot add discount to another seller's product","api","2026-09-10","passed","2026-09-10","Seller API -- Product Discount Management > PUT /api/v1/products/:id/discount","api/seller/products-discount.spec.ts","",""
"","1","should handle file extensions without dot","file-utils","2026-09-10","passed","2026-09-10","","readFile","",""
"","208","should add item to cart","api","2026-09-10","passed","2026-09-10","Buyer API -- Cart Operations","api/buyer/cart-operations.spec.ts","",""
"","659","should sort products by price high to low","ui","2026-09-10","passed","2026-09-10","Home Page UI -- Authenticated Buyer > Catalogue Toolbar","ui/home-page/authenticated-buyer.spec.ts","",""
"","11","unauthenticated user cannot access seller listings","api","2026-09-10","passed","2026-09-10","Seller API -- GET /api/v1/products/seller/mine","api/seller/products-get.spec.ts","",""
"","2871","should successfully register a new buyer account","ui","2026-09-10","passed","2026-09-10","Register Page UI","ui/register-page/register.spec.ts","",""
"","569","should have proper heading hierarchy","ui","2026-09-10","passed","2026-09-10","Login Page UI -- Accessibility","ui/login-page/accessibility.spec.ts","",""
"","717","should handle very long email input","ui","2026-09-10","passed","2026-09-10","Login Page UI -- Edge Cases","ui/login-page/edge-cases.spec.ts","",""
"","960","product card contains all required elements","ui","2026-09-10","passed","2026-09-10","Home Page UI -- Product Cards","ui/home-page/product-card.spec.ts","",""
"","3","should detect spec file path from file:// URL pattern","stack-trace","2026-09-10","passed","2026-09-10","","detectSpecPath","",""
"","1116","filter by category works","ui","2026-09-10","passed","2026-09-10","Home Page UI -- Catalogue Toolbar","ui/home-page/catalog-toolbar.spec.ts","",""
"","2742","should navigate to cart when cart link is clicked","ui","2026-09-10","passed","2026-09-10","Home Page UI -- Authenticated Buyer > Header & Navigation","ui/home-page/authenticated-buyer.spec.ts","",""
"","747","should handle XSS attempts in input fields","ui","2026-09-10","passed","2026-09-10","Login Page UI -- Edge Cases","ui/login-page/edge-cases.spec.ts","",""
"","9","seller cannot add invalid image URL","api","2026-09-10","passed","2026-09-10","Seller API -- POST /api/v1/products/:id/images","api/seller/products-images.spec.ts","",""
"","10","should return 404 for non-existent product certificate","api","2026-09-10","passed","2026-09-10","Home Page API -- GET /api/v1/products/:id/certificate","api/home-page/products-certificate.spec.ts","",""
"","121","seller can get their own listings","api","2026-09-10","passed","2026-09-10","Seller API -- GET /api/v1/products/seller/mine","api/seller/products-get.spec.ts","",""
"","24","should return distinct published categories","api","2026-09-10","passed","2026-09-10","Home Page API -- GET /api/v1/products/categories","api/home-page/products-categories.spec.ts","",""
"","913","sale badge appears on sale items","ui","2026-09-10","passed","2026-09-10","Home Page UI -- Product Cards","ui/home-page/product-card.spec.ts","",""
"","2569","should show rate limit error after multiple failed attempts","ui","2026-09-10","passed","2026-09-10","Login Page UI -- Security","ui/login-page/security.spec.ts","",""
"","1527","should show validation error for empty email","ui","2026-09-10","passed","2026-09-10","Login Page UI -- Form Validation","ui/login-page/validation.spec.ts","",""
"","0","should handle undefined stack trace","stack-trace","2026-09-10","passed","2026-09-10","","detectSpecPath","",""
"","1","should parse JSON objects","getCsvData","2026-09-10","passed","2026-09-10","","Type Conversion","",""
"","1","should handle empty text file","file-utils","2026-09-10","passed","2026-09-10","","readTextFile","",""
"","1","should handle special characters in strings","getCsvData","2026-09-10","passed","2026-09-10","","Edge Cases","",""
"","1","should handle nested file paths","path-utils","2026-09-10","passed","2026-09-10","","getAbsolutePath","",""
"","36","buyer cannot issue certificate","api","2026-09-10","passed","2026-09-10","Seller API -- POST /api/v1/products/:id/certificate","api/seller/products-certificate.spec.ts","",""
"","1000","should show product in cart when navigating to cart page","ui","2026-09-10","passed","2026-09-10","Home Page UI -- Authenticated Buyer > Cart & Orders Access","ui/home-page/authenticated-buyer.spec.ts","",""
"","885","category filter options are correct","ui","2026-09-10","passed","2026-09-10","Home Page UI -- Catalogue Toolbar","ui/home-page/catalog-toolbar.spec.ts","",""
"","1271","skip link works correctly","ui","2026-09-10","passed","2026-09-10","Home Page UI -- Header and Navigation","ui/home-page/header-navigation.spec.ts","",""
"","9","should return ok status","api","2026-09-10","passed","2026-09-10","Home Page API -- GET /api/v1/health","api/home-page/health.spec.ts","",""
"","1524","should show error for invalid credentials","ui","2026-09-10","passed","2026-09-10","Login Page UI -- Functionality","ui/login-page/functionality.spec.ts","",""
"","84","should return consistent error envelope for unauthorized access","api","2026-09-10","passed","2026-09-10","Buyer API -- Error Envelope Compliance","api/buyer/error-envelope.spec.ts","",""
"","1003","should show sold out badge for out of stock products","ui","2026-09-10","passed","2026-09-10","Home Page UI -- Authenticated Buyer > Product Catalogue","ui/home-page/authenticated-buyer.spec.ts","",""
"","1","should fallback to default file when environment-specific file does not exist","path-utils","2026-09-10","passed","2026-09-10","","buildCsvFilePath","",""
"","2","should parse product data with nested properties","getCsvData","2026-09-10","passed","2026-09-10","","Real-World Scenarios","",""
"","2522","should show flash message on login","ui","2026-09-10","passed","2026-09-10","Home Page UI -- Authenticated Buyer > Flash Messages","ui/home-page/authenticated-buyer.spec.ts","",""
"","1067","aria-live regions are present","ui","2026-09-10","passed","2026-09-10","Home Page UI -- Accessibility","ui/home-page/accessibility.spec.ts","",""
"","0","should preserve login form data when navigating back","ui","2026-09-10","skipped","2026-09-10","Login Page UI -- Navigation","ui/login-page/navigation.spec.ts","",""
"","185","should return 400 when adding product with invalid quantity","api","2026-09-10","passed","2026-09-10","Buyer API -- Cart Operations","api/buyer/cart-operations.spec.ts","",""
"","281","should logout successfully","api","2026-09-10","passed","2026-09-10","Buyer API -- Authentication & Authorization","api/buyer/authentication.spec.ts","",""
"","33","should filter by maxPrice","api","2026-09-10","passed","2026-09-10","Home Page API -- GET /api/v1/products - Catalogue","api/home-page/products-catalogue.spec.ts","",""
"","12","should return certificate for product owned by seller1","api","2026-09-10","passed","2026-09-10","Home Page API -- GET /api/v1/products/:id/certificate","api/home-page/products-certificate.spec.ts","",""
"","718","should show price was for discounted products","ui","2026-09-10","passed","2026-09-10","Home Page UI -- Authenticated Buyer > Product Catalogue","ui/home-page/authenticated-buyer.spec.ts","",""
"","667","should not auto-complete sensitive data inappropriately","ui","2026-09-10","passed","2026-09-10","Login Page UI -- Security","ui/login-page/security.spec.ts","",""
"","1","should return typed data","file-utils","2026-09-10","passed","2026-09-10","","readFileAs","",""
"","683","should have password field type password","ui","2026-09-10","passed","2026-09-10","Login Page UI -- Security","ui/login-page/security.spec.ts","",""
"","40","seller cannot access/modify other seller's products (IDOR protection)","api","2026-09-10","passed","2026-09-10","Seller API -- IDOR and Security Tests","api/seller/security-idor.spec.ts","",""
"","267","should return 403 when accessing another buyers order","api","2026-09-10","passed","2026-09-10","Buyer API -- Order Operations","api/buyer/order-operations.spec.ts","",""
"","5","should read CSV file based on extension","file-utils","2026-09-10","passed","2026-09-10","","readFile","",""
"","13","should return a single product by ID","api","2026-09-10","passed","2026-09-10","Hoem Page API -- GET /api/v1/products/:id","api/home-page/products-id.spec.ts","",""
"","1143","login link navigates to login page","ui","2026-09-10","passed","2026-09-10","Home Page UI -- Header and Navigation","ui/home-page/header-navigation.spec.ts","",""
"","0","seller can paginate their listings","api","2026-09-10","skipped","2026-09-10","Seller API -- Pagination and Filtering for Seller Products","api/seller/pagination-filter.spec.ts","",""
"","19","should handle invalid price filters","api","2026-09-10","passed","2026-09-10","Home Page API -- GET /api/v1/products - Catalogue","api/home-page/products-catalogue.spec.ts","",""
"","1","should handle environment-specific file with special characters in filename","path-utils","2026-09-10","passed","2026-09-10","","buildCsvFilePath","",""
"","11","seller can add image to their product","api","2026-09-10","passed","2026-09-10","Seller API -- POST /api/v1/products/:id/images","api/seller/products-images.spec.ts","",""
"","883","should show flash message on logout","ui","2026-09-10","passed","2026-09-10","Home Page UI -- Authenticated Buyer > Flash Messages","ui/home-page/authenticated-buyer.spec.ts","",""
"","1","should throw error for empty JSON file","file-utils","2026-09-10","passed","2026-09-10","","readJsonFile","",""
"","1424","should show validation error for empty password","ui","2026-09-10","passed","2026-09-10","Login Page UI -- Form Validation","ui/login-page/validation.spec.ts","",""
"","1","should throw error for invalid JSON","file-utils","2026-09-10","passed","2026-09-10","","readJsonFile","",""
"","77","should not allow order if stock is insufficient","api","2026-09-10","passed","2026-09-10","Buyer API -- Order Operations","api/buyer/order-operations.spec.ts","",""
"","462","should display all registration elements","ui","2026-09-10","passed","2026-09-10","Register Page UI","ui/register-page/register.spec.ts","",""
"","1","should convert boolean strings to booleans","getCsvData","2026-09-10","passed","2026-09-10","","Type Conversion","",""
"","624","should display demo account hint","ui","2026-09-10","passed","2026-09-10","Login Page UI -- Layout and Elements","ui/login-page/layout.spec.ts","",""
"","0","should handle invalid JSON gracefully","getCsvData","2026-09-10","passed","2026-09-10","","Error Handling","",""
"","78","should decrement stock when order is created","api","2026-09-10","passed","2026-09-10","Buyer API -- Order Operations","api/buyer/order-operations.spec.ts","",""
"","581","should have password field with type password","ui","2026-09-10","passed","2026-09-10","Login Page UI -- Layout and Elements","ui/login-page/layout.spec.ts","",""
"","1986","should maintain session after page refresh","ui","2026-09-10","passed","2026-09-10","Login Page UI -- Session Management","ui/login-page/session.spec.ts","",""
"","80","should return 401 when accessing orders without token","api","2026-09-10","passed","2026-09-10","Buyer API -- Authentication & Authorization","api/buyer/authentication.spec.ts","",""
"","13","should return consistent error envelope","api","2026-09-10","passed","2026-09-10","Home Page API -- API Error Envelope","api/home-page/error-envelope.spec.ts","",""
"","571","should filter products by category","ui","2026-09-10","passed","2026-09-10","Home Page UI -- Authenticated Buyer > Catalogue Toolbar","ui/home-page/authenticated-buyer.spec.ts","",""
"","1","should extract folder path from nested spec file","path-utils","2026-09-10","passed","2026-09-10","","extractDataFolder","",""
"","1","should return undefined for invalid path","path-utils","2026-09-10","passed","2026-09-10","","extractDataFolder","",""
"","1","should handle CSV with different line endings","file-utils","2026-09-10","passed","2026-09-10","","Integration Scenarios","",""
"","916","price-was is present for sale items","ui","2026-09-10","passed","2026-09-10","Home Page UI -- Product Cards","ui/home-page/product-card.spec.ts","",""
"","910","sold out badge appears correctly","ui","2026-09-10","passed","2026-09-10","Home Page UI -- Product Cards","ui/home-page/product-card.spec.ts","",""
"","1","should handle missing data folder extraction","path-utils","2026-09-10","passed","2026-09-10","","Integration Scenarios","",""
"","31","seller cannot create product with negative stock","api","2026-09-10","passed","2026-09-10","Seller API -- POST /api/v1/products","api/seller/products-post.spec.ts","",""
"","2","should parse comma-separated values as arrays","getCsvData","2026-09-10","passed","2026-09-10","","Type Conversion","",""
"","762","should handle special characters in password","ui","2026-09-10","passed","2026-09-10","Login Page UI -- Edge Cases","ui/login-page/edge-cases.spec.ts","",""
"","1","should read text file based on extension","file-utils","2026-09-10","passed","2026-09-10","","readFile","",""
"","1","should handle whitespace trimming","getCsvData","2026-09-10","passed","2026-09-10","","Type Conversion","",""
"","2","should build path with environment-specific file when exists","path-utils","2026-09-10","passed","2026-09-10","","buildCsvFilePath","",""
"","109","should get single order by reference","api","2026-09-10","passed","2026-09-10","Buyer API -- Order Operations","api/buyer/order-operations.spec.ts","",""
"","39","should include CORS headers for allowed origin","api","2026-09-10","passed","2026-09-10","Home Page API -- CORS Headers","api/home-page/cors-headers.spec.ts","",""
"","1","should detect spec file path from relative path pattern","stack-trace","2026-09-10","passed","2026-09-10","","detectSpecPath","",""
"","1","should return true when file exists","file-utils","2026-09-10","passed","2026-09-10","","fileExists","",""
"","1","should handle file paths with special characters","path-utils","2026-09-10","passed","2026-09-10","","getAbsolutePath","",""
"","44","should handle invalid sort parameter","api","2026-09-10","passed","2026-09-10","Home Page API -- GET /api/v1/products - Catalogue","api/home-page/products-catalogue.spec.ts","",""
"","133","should handle cart with discount correctly","api","2026-09-10","passed","2026-09-10","Buyer API -- Cart Operations","api/buyer/cart-operations.spec.ts","",""
"","1","should not include CORS headers for disallowed origin","api","2026-09-10","skipped","2026-09-10","Home Page API -- CORS Headers","api/home-page/cors-headers.spec.ts","",""
"","0","should detect first spec file path in stack","stack-trace","2026-09-10","passed","2026-09-10","","detectSpecPath","",""
"","2","should read text file","file-utils","2026-09-10","passed","2026-09-10","","readTextFile","",""
"","124","seller cannot remove discount from another seller's product","api","2026-09-10","passed","2026-09-10","Seller API -- Product Discount Management > DELETE /api/v1/products/:id/discount","api/seller/products-discount.spec.ts","",""
"","30","product detail endpoint does not leak sensitive information to buyers","api","2026-09-10","passed","2026-09-10","Seller API -- IDOR and Security Tests","api/seller/security-idor.spec.ts","",""
"","86","should return consistent error envelope for order not found","api","2026-09-10","passed","2026-09-10","Buyer API -- Error Envelope Compliance","api/buyer/error-envelope.spec.ts","",""
"","1304","should show mobile nav toggle on small screens","ui","2026-09-10","passed","2026-09-10","Home Page UI -- Authenticated Buyer > Responsive Behavior","ui/home-page/authenticated-buyer.spec.ts","",""
"","1167","shop link is visible and clickable","ui","2026-09-10","passed","2026-09-10","Home Page UI -- Header and Navigation","ui/home-page/header-navigation.spec.ts","",""
"","82","seller can issue certificate for their product","api","2026-09-10","passed","2026-09-10","Seller API -- POST /api/v1/products/:id/certificate","api/seller/products-certificate.spec.ts","",""
"","118","should return consistent error envelope for insufficient stock","api","2026-09-10","passed","2026-09-10","Buyer API -- Error Envelope Compliance","api/buyer/error-envelope.spec.ts","",""
"","1","should throw error when no spec file path can be detected","stack-trace","2026-09-10","passed","2026-09-10","","detectSpecPath","",""
"","26","seller can add percentage discount to their product","api","2026-09-10","passed","2026-09-10","Seller API -- Product Discount Management > PUT /api/v1/products/:id/discount","api/seller/products-discount.spec.ts","",""
"","638","should show correct discounted price for product 1","ui","2026-09-10","passed","2026-09-10","Home Page UI -- Authenticated Buyer > Product Catalogue","ui/home-page/authenticated-buyer.spec.ts","",""
"","1","should read and parse JSON file","file-utils","2026-09-10","passed","2026-09-10","","readJsonFile","",""
"","1","should handle different file extensions","path-utils","2026-09-10","passed","2026-09-10","","buildCsvFilePath","",""
"","1","should handle non-Error exceptions","file-utils","2026-09-10","passed","2026-09-10","","readCsvFile","",""
"","14","should return 404 for non-existent product","api","2026-09-10","passed","2026-09-10","Hoem Page API -- GET /api/v1/products/:id","api/home-page/products-id.spec.ts","",""
"","1298","nav toggle closes mobile menu on second click","ui","2026-09-10","passed","2026-09-10","Home Page UI -- Header and Navigation","ui/home-page/header-navigation.spec.ts","",""
"","1","should return file size in bytes","file-utils","2026-09-10","passed","2026-09-10","","getFileSize","",""
"","21","should not expose X-Powered-By header","api","2026-09-10","passed","2026-09-10","Hoem Page API -- Security Headers","api/home-page/security-headers.spec.ts","",""
"","1","should parse categories CSV for catalog toolbar","getCsvData","2026-09-10","passed","2026-09-10","","Real-World Scenarios","",""
"","1","should read JSON file based on extension","file-utils","2026-09-10","passed","2026-09-10","","readFile","",""
"","1","should throw error when file does not exist","file-utils","2026-09-10","passed","2026-09-10","","getFileModifiedTime","",""
"","27","seller can update their own product","api","2026-09-10","passed","2026-09-10","Seller API -- PATCH /api/v1/products/:id","api/seller/products-patch.spec.ts","",""
"","1572","images have alt attributes","ui","2026-09-10","passed","2026-09-10","Home Page UI -- Accessibility","ui/home-page/accessibility.spec.ts","",""
"","3304","should navigate to product detail when product card is clicked","ui","2026-09-10","passed","2026-09-10","Home Page UI -- Authenticated Buyer > Product Catalogue","ui/home-page/authenticated-buyer.spec.ts","",""
"","55","should return user info from /auth/me","api","2026-09-10","passed","2026-09-10","Buyer API -- Authentication & Authorization","api/buyer/authentication.spec.ts","",""
"","1019","product cards are displayed","ui","2026-09-10","passed","2026-09-10","Home Page UI -- Product Cards","ui/home-page/product-card.spec.ts","",""
"","1","should handle empty stack trace","stack-trace","2026-09-10","passed","2026-09-10","","detectSpecPath","",""
"","9","should return 404 for product without certificate (seller2)","api","2026-09-10","passed","2026-09-10","Home Page API -- GET /api/v1/products/:id/certificate","api/home-page/products-certificate.spec.ts","",""
"","22","should have proper security headers","api","2026-09-10","passed","2026-09-10","Hoem Page API -- Security Headers","api/home-page/security-headers.spec.ts","",""
"","12","buyer cannot create product","api","2026-09-10","passed","2026-09-10","Seller API -- POST /api/v1/products","api/seller/products-post.spec.ts","",""
"","1325","nav toggle works on mobile","ui","2026-09-10","passed","2026-09-10","Home Page UI -- Header and Navigation","ui/home-page/header-navigation.spec.ts","",""
"","1724","should not expose password in URL","ui","2026-09-10","passed","2026-09-10","Login Page UI -- Security","ui/login-page/security.spec.ts","",""
"","1","should handle path with multiple nested directories","path-utils","2026-09-10","passed","2026-09-10","","extractDataFolder","",""
"","380","should allow login with Enter key","ui","2026-09-10","passed","2026-09-10","Login Page UI -- User Experience","ui/login-page/user-experience.spec.ts","",""
"","581","should display properly on tablet viewport","ui","2026-09-10","passed","2026-09-10","Login Page UI -- Responsive Design","ui/login-page/responsive.spec.ts","",""
"","9","seller cannot update another seller's product","api","2026-09-10","passed","2026-09-10","Seller API -- PATCH /api/v1/products/:id","api/seller/products-patch.spec.ts","",""
"","28","should sort products by price descending","api","2026-09-10","passed","2026-09-10","Home Page API -- GET /api/v1/products - Catalogue","api/home-page/products-catalogue.spec.ts","",""
"","693","should have focus management","ui","2026-09-10","passed","2026-09-10","Login Page UI -- Accessibility","ui/login-page/accessibility.spec.ts","",""
"","2182","product card links to product detail","ui","2026-09-10","passed","2026-09-10","Home Page UI -- Product Cards","ui/home-page/product-card.spec.ts","",""
"","10","should handle invalid product ID format","api","2026-09-10","passed","2026-09-10","Hoem Page API -- GET /api/v1/products/:id","api/home-page/products-id.spec.ts","",""
"","1365","should clear validation errors when filling fields","ui","2026-09-10","passed","2026-09-10","Login Page UI -- Form Validation","ui/login-page/validation.spec.ts","",""
"","0","seller cannot add discount exceeding product price","api","2026-09-10","skipped","2026-09-10","Seller API -- Product Discount Management > PUT /api/v1/products/:id/discount","api/seller/products-discount.spec.ts","",""
"","1","should throw error for completely empty CSV file","file-utils","2026-09-10","passed","2026-09-10","","readCsvFile","",""
"","206","should clear entire cart","api","2026-09-10","passed","2026-09-10","Buyer API -- Cart Operations","api/buyer/cart-operations.spec.ts","",""
"","1","should handle CSV with empty values","file-utils","2026-09-10","passed","2026-09-10","","Integration Scenarios","",""
"","1","should return file modification time","file-utils","2026-09-10","passed","2026-09-10","","getFileModifiedTime","",""
"","2","should handle empty CSV data","getCsvData","2026-09-10","passed","2026-09-10","","Basic CSV Parsing","",""
"","200","should update item quantity in cart","api","2026-09-10","passed","2026-09-10","Buyer API -- Cart Operations","api/buyer/cart-operations.spec.ts","",""
"","300","should get empty cart for new user","api","2026-09-10","passed","2026-09-10","Buyer API -- Cart Operations","api/buyer/cart-operations.spec.ts","",""
"","1091","should show sale badges for discounted products","ui","2026-09-10","passed","2026-09-10","Home Page UI -- Authenticated Buyer > Product Catalogue","ui/home-page/authenticated-buyer.spec.ts","",""
"","122","buyer cannot remove discount","api","2026-09-10","passed","2026-09-10","Seller API -- Product Discount Management > DELETE /api/v1/products/:id/discount","api/seller/products-discount.spec.ts","",""
"","119","should return 404 when adding non-existent product to cart","api","2026-09-10","passed","2026-09-10","Buyer API -- Cart Operations","api/buyer/cart-operations.spec.ts","",""
"","1192","should navigate to orders when orders link is clicked","ui","2026-09-10","passed","2026-09-10","Home Page UI -- Authenticated Buyer > Header & Navigation","ui/home-page/authenticated-buyer.spec.ts","",""
"","1709","should filter products by search","ui","2026-09-10","passed","2026-09-10","Home Page UI -- Authenticated Buyer > Catalogue Toolbar","ui/home-page/authenticated-buyer.spec.ts","",""
"","8","buyer cannot access seller listings","api","2026-09-10","passed","2026-09-10","Seller API -- GET /api/v1/products/seller/mine","api/seller/products-get.spec.ts","",""
"","105","seller cannot create product with missing required fields","api","2026-09-10","passed","2026-09-10","Seller API -- Edge Cases and Error Handling","api/seller/edge-cases.spec.ts","",""
"","1","should handle JSON array","file-utils","2026-09-10","passed","2026-09-10","","readJsonFile","",""
"","8","seller can create a new product","api","2026-09-10","passed","2026-09-10","Seller API -- POST /api/v1/products","api/seller/products-post.spec.ts","",""
"","0","should handle null and undefined values","getCsvData","2026-09-10","passed","2026-09-10","","Edge Cases","",""
"","473","should have correct ARIA attributes on form","ui","2026-09-10","passed","2026-09-10","Login Page UI -- Accessibility","ui/login-page/accessibility.spec.ts","",""
"","86","should return 404 error envelope for non-existent product","api","2026-09-10","passed","2026-09-10","Buyer API -- Error Envelope Compliance","api/buyer/error-envelope.spec.ts","",""
"","232","should return 401 with invalid token","api","2026-09-10","passed","2026-09-10","Buyer API -- Authentication & Authorization","api/buyer/authentication.spec.ts","",""
"","1","should throw error when file does not exist","path-utils","2026-09-10","passed","2026-09-10","","getAbsolutePath","",""
"","1543","should handle empty email submission","ui","2026-09-10","passed","2026-09-10","Login Page UI -- Functionality","ui/login-page/functionality.spec.ts","",""
"","409","should sort products by price low to high","ui","2026-09-10","passed","2026-09-10","Home Page UI -- Authenticated Buyer > Catalogue Toolbar","ui/home-page/authenticated-buyer.spec.ts","",""
"","1317","should logout successfully","ui","2026-09-10","passed","2026-09-10","Home Page UI -- Authenticated Buyer > Header & Navigation","ui/home-page/authenticated-buyer.spec.ts","",""
"","182","should return consistent error envelope for validation errors","api","2026-09-10","passed","2026-09-10","Buyer API -- Error Envelope Compliance","api/buyer/error-envelope.spec.ts","",""
"","1902","should logout successfully","ui","2026-09-10","passed","2026-09-10","Login Page UI -- Session Management","ui/login-page/session.spec.ts","",""
"","87","should not create order with empty cart","api","2026-09-10","passed","2026-09-10","Buyer API -- Order Operations","api/buyer/order-operations.spec.ts","",""
"","685","should have accessible sort select","ui","2026-09-10","passed","2026-09-10","Home Page UI -- Authenticated Buyer > Accessibility","ui/home-page/authenticated-buyer.spec.ts","",""
"","46","seller cannot add discount with invalid percentage","api","2026-09-10","passed","2026-09-10","Seller API -- Product Discount Management > PUT /api/v1/products/:id/discount","api/seller/products-discount.spec.ts","",""
"","1662","should successfully login with buyer credentials","ui","2026-09-10","passed","2026-09-10","Login Page UI -- Functionality","ui/login-page/functionality.spec.ts","",""
"","748","should display properly on desktop viewport","ui","2026-09-10","passed","2026-09-10","Login Page UI -- Responsive Design","ui/login-page/responsive.spec.ts","",""
"","1","should read and parse CSV file with headers","file-utils","2026-09-10","passed","2026-09-10","","readCsvFile","",""
"","1","should throw error when file does not exist","file-utils","2026-09-10","passed","2026-09-10","","getFileSize","",""
"","1","should handle real-world CSV with special characters","file-utils","2026-09-10","passed","2026-09-10","","Integration Scenarios","",""
"","14","should filter products by search query","api","2026-09-10","passed","2026-09-10","Home Page API -- GET /api/v1/products - Catalogue","api/home-page/products-catalogue.spec.ts","",""
"","0","seller cannot issue duplicate certificate for same product","api","2026-09-10","skipped","2026-09-10","Seller API -- POST /api/v1/products/:id/certificate","api/seller/products-certificate.spec.ts","",""
"","1","should handle spec files without .spec.ts extension","path-utils","2026-09-10","passed","2026-09-10","","extractDataFolder","",""
"","18","should return demo account information","api","2026-09-10","passed","2026-09-10","Home Page API -- GET /api/v1/seed-info","api/home-page/seed-info.spec.ts","",""
"","0","seller can filter their listings by category","api","2026-09-10","skipped","2026-09-10","Seller API -- Pagination and Filtering for Seller Products","api/seller/pagination-filter.spec.ts","",""
"","127","should create order from cart","api","2026-09-10","passed","2026-09-10","Buyer API -- Order Operations","api/buyer/order-operations.spec.ts","",""
"","3126","home page has no serious violations","ui","2026-09-10","passed","2026-09-10","Home Page UI -- Accessibility","ui/home-page/accessibility.spec.ts","",""
"","843","should navigate to shop page from login page","ui","2026-09-10","passed","2026-09-10","Login Page UI -- Navigation","ui/login-page/navigation.spec.ts","",""
"","16","seller cannot add image to another seller's product","api","2026-09-10","passed","2026-09-10","Seller API -- POST /api/v1/products/:id/images","api/seller/products-images.spec.ts","",""
"","521","should have accessible form labels","ui","2026-09-10","passed","2026-09-10","Login Page UI -- Accessibility","ui/login-page/accessibility.spec.ts","",""
"","68","should return consistent error envelope for invalid quantity","api","2026-09-10","passed","2026-09-10","Buyer API -- Error Envelope Compliance","api/buyer/error-envelope.spec.ts","",""
"","1517","should not clear error on new input","ui","2026-09-10","passed","2026-09-10","Login Page UI -- User Experience","ui/login-page/user-experience.spec.ts","",""
"","509","should have accessible skip link","ui","2026-09-10","passed","2026-09-10","Login Page UI -- Accessibility","ui/login-page/accessibility.spec.ts","",""
"","0","should detect spec file path with additional query params","stack-trace","2026-09-10","passed","2026-09-10","","detectSpecPath","",""
"","1479","should show error for non-existent email","ui","2026-09-10","passed","2026-09-10","Login Page UI -- Functionality","ui/login-page/functionality.spec.ts","",""
"","60","seller cannot create product with invalid price","api","2026-09-10","passed","2026-09-10","Seller API -- POST /api/v1/products","api/seller/products-post.spec.ts","",""
"","755","should have product card with accessible labels","ui","2026-09-10","passed","2026-09-10","Home Page UI -- Authenticated Buyer > Accessibility","ui/home-page/authenticated-buyer.spec.ts","",""
"","3","should handle full workflow: extract folder and build path","path-utils","2026-09-10","passed","2026-09-10","","Integration Scenarios","",""
"","490","should have accessible nav toggle","ui","2026-09-10","passed","2026-09-10","Home Page UI -- Authenticated Buyer > Accessibility","ui/home-page/authenticated-buyer.spec.ts","",""
"","733","should display properly on mobile viewport","ui","2026-09-10","passed","2026-09-10","Login Page UI -- Responsive Design","ui/login-page/responsive.spec.ts","",""
"","1","should default to text for unknown extensions","file-utils","2026-09-10","passed","2026-09-10","","readFile","",""
"","3","should throw error when no CSV file found","path-utils","2026-09-10","passed","2026-09-10","","buildCsvFilePath","",""
"","5","should handle nested JSON objects","file-utils","2026-09-10","passed","2026-09-10","","Integration Scenarios","",""
"","1165","sort options are correct","ui","2026-09-10","passed","2026-09-10","Home Page UI -- Catalogue Toolbar","ui/home-page/catalog-toolbar.spec.ts","",""
"","580","search input is visible","ui","2026-09-10","passed","2026-09-10","Home Page UI -- Catalogue Toolbar","ui/home-page/catalog-toolbar.spec.ts","",""
"","1426","should handle empty password submission","ui","2026-09-10","passed","2026-09-10","Login Page UI -- Functionality","ui/login-page/functionality.spec.ts","",""
"","396","should have email field with type email","ui","2026-09-10","passed","2026-09-10","Login Page UI -- Layout and Elements","ui/login-page/layout.spec.ts","",""
"","1552","search submit button works","ui","2026-09-10","passed","2026-09-10","Home Page UI -- Catalogue Toolbar","ui/home-page/catalog-toolbar.spec.ts","",""
"","1","should fallback to directory name when pattern fails","path-utils","2026-09-10","passed","2026-09-10","","extractDataFolder","",""
"","1","should handle CSV parsing errors","file-utils","2026-09-10","passed","2026-09-10","","readCsvFile","",""
"","17","seller can add fixed amount discount","api","2026-09-10","passed","2026-09-10","Seller API -- Product Discount Management > PUT /api/v1/products/:id/discount","api/seller/products-discount.spec.ts","",""
"","719","should have correct page title and heading","ui","2026-09-10","passed","2026-09-10","Login Page UI -- Layout and Elements","ui/login-page/layout.spec.ts","",""
"","1","should convert numeric strings to numbers","getCsvData","2026-09-10","passed","2026-09-10","","Type Conversion","",""
"","49","buyer cannot update any product","api","2026-09-10","passed","2026-09-10","Seller API -- PATCH /api/v1/products/:id","api/seller/products-patch.spec.ts","",""
"","970","brand logo is visible and links to home","ui","2026-09-10","passed","2026-09-10","Home Page UI -- Header and Navigation","ui/home-page/header-navigation.spec.ts","",""
"","2353","should not proceed for underage user","ui","2026-09-10","passed","2026-09-10","Register Page UI","ui/register-page/register.spec.ts","",""
"","0","should detect spec file path from different spec extensions","stack-trace","2026-09-10","passed","2026-09-10","","detectSpecPath","",""
"","81","should return 404 for non-existent order reference","api","2026-09-10","passed","2026-09-10","Buyer API -- Order Operations","api/buyer/order-operations.spec.ts","",""
"","4","should extract folder path from spec file with ui path","path-utils","2026-09-10","passed","2026-09-10","","extractDataFolder","",""
"","43","seller can remove discount from their product","api","2026-09-10","passed","2026-09-10","Seller API -- Product Discount Management > DELETE /api/v1/products/:id/discount","api/seller/products-discount.spec.ts","",""
"","9","should filter by minPrice","api","2026-09-10","passed","2026-09-10","Home Page API -- GET /api/v1/products - Catalogue","api/home-page/products-catalogue.spec.ts","",""
"","88","seller cannot update product stock below 0","api","2026-09-10","passed","2026-09-10","Seller API -- Edge Cases and Error Handling","api/seller/edge-cases.spec.ts","",""
"","272","should remove item from cart","api","2026-09-10","passed","2026-09-10","Buyer API -- Cart Operations","api/buyer/cart-operations.spec.ts","",""
"","0","should fallback to any .spec.ts file pattern","stack-trace","2026-09-10","passed","2026-09-10","","detectSpecPath","",""
"","1","should use local as default environment","path-utils","2026-09-10","passed","2026-09-10","","buildCsvFilePath","",""
"","63","unauthenticated users cannot access seller routes","api","2026-09-10","passed","2026-09-10","Seller API -- IDOR and Security Tests","api/seller/security-idor.spec.ts","",""
"","1399","should show validation error for invalid email format","ui","2026-09-10","passed","2026-09-10","Login Page UI -- Form Validation","ui/login-page/validation.spec.ts","",""
"","580","should have accessible category filter","ui","2026-09-10","passed","2026-09-10","Home Page UI -- Authenticated Buyer > Accessibility","ui/home-page/authenticated-buyer.spec.ts","",""
"","1","should extract folder path from spec file with api path","path-utils","2026-09-10","passed","2026-09-10","","extractDataFolder","",""
"","1696","should display all product cards","ui","2026-09-10","passed","2026-09-10","Home Page UI -- Authenticated Buyer > Product Catalogue","ui/home-page/authenticated-buyer.spec.ts","",""
"","396","should have accessible search input","ui","2026-09-10","passed","2026-09-10","Home Page UI -- Authenticated Buyer > Accessibility","ui/home-page/authenticated-buyer.spec.ts","",""
"","443","should display all login page elements","ui","2026-09-10","passed","2026-09-10","Login Page UI -- Layout and Elements","ui/login-page/layout.spec.ts","",""
"","1809","should successfully login with seller credentials","ui","2026-09-10","passed","2026-09-10","Login Page UI -- Functionality","ui/login-page/functionality.spec.ts","",""
"","0","should detect spec file path with Windows-style paths","stack-trace","2026-09-10","passed","2026-09-10","","detectSpecPath","",""
"","550","should have aria-live region for catalogue updates","ui","2026-09-10","passed","2026-09-10","Home Page UI -- Authenticated Buyer > Accessibility","ui/home-page/authenticated-buyer.spec.ts","",""
"","1260","should show error for incorrect password","ui","2026-09-10","passed","2026-09-10","Login Page UI -- Functionality","ui/login-page/functionality.spec.ts","",""
"","1","should handle non-Error exceptions","file-utils","2026-09-10","passed","2026-09-10","","readJsonFile","",""
"","614","should have submit button enabled initially","ui","2026-09-10","passed","2026-09-10","Login Page UI -- Layout and Elements","ui/login-page/layout.spec.ts","",""
"","1","should preserve empty strings","getCsvData","2026-09-10","passed","2026-09-10","","Type Conversion","",""
"","0","should return false when file does not exist","file-utils","2026-09-10","passed","2026-09-10","","fileExists","",""
"","958","hero content is displayed correctly","ui","2026-09-10","passed","2026-09-10","Home Page UI -- Hero Section","ui/home-page/hero-section.spec.ts","",""
"","1","should handle unicode characters in email","ui","2026-09-10","skipped","2026-09-10","Login Page UI -- Edge Cases","ui/login-page/edge-cases.spec.ts","",""
"","1","should handle numbers with leading zeros","getCsvData","2026-09-10","passed","2026-09-10","","Edge Cases","",""
"","1","should build correct path structure","path-utils","2026-09-10","passed","2026-09-10","","buildCsvFilePath","",""
